{
  "parent": "remotetnt:item/remote",
  "display": {
    "thirdperson_righthand": {
      "rotation": [75, 45, 0],
      "translation": [0, 2.5, 0],
      "scale": [0.375, 0.375, 0.375]
    },
    "firstperson_righthand": {
      "rotation": [0, 45, 0],
      "translation": [0, 4, 0],
      "scale": [0.40, 0.40, 0.40]
    },
    "gui": {
      "rotation": [30, 225, 0],
      "translation": [0, 0, 0],
      "scale": [0.625, 0.625, 0.625]
    },
    "ground": {
      "translation": [0, 3, 0],
      "scale": [0.25, 0.25, 0.25]
    },
    "fixed": {
      "rotation": [0, 0, 0],
      "scale": [0.5, 0.5, 0.5]
    }
  },
  "overrides": [
    {
      "predicate": {
        "custom_model_data": 1
      },
      "model": "remotetnt:item/remote_black"
    },
    {
      "predicate": {
        "custom_model_data": 2
      },
      "model": "remotetnt:item/remote_green"
    },
    {
      "predicate": {
        "custom_model_data": 3
      },
      "model": "remotetnt:item/remote_yellow"
    }
  ]
}